{"digest":"ebe44d263c2eb56ce88d5ce41e5b2679d5c060a9","css":".editor .marker .region {\n  position: absolute;\n  pointer-events: none;\n  z-index: -1;\n}\n.editor .search-results .marker .region {\n  border-radius: 2px;\n  box-sizing: content-box;\n  padding: 0 0px;\n  margin: -1px 0 0 0;\n}\n.find-and-replace .options-label,\n.project-find .options-label {\n  color: #999999;\n  position: relative;\n}\n.find-and-replace .options-label .options,\n.project-find .options-label .options {\n  color: #444444;\n}\n.find-and-replace .find-container,\n.project-find .find-container,\n.find-and-replace .replace-container,\n.project-find .replace-container,\n.find-and-replace .paths-container,\n.project-find .paths-container {\n  display: -webkit-flex;\n  -webkit-flex-direction: row;\n}\n.find-and-replace .find-container .btn-group,\n.project-find .find-container .btn-group,\n.find-and-replace .replace-container .btn-group,\n.project-find .replace-container .btn-group,\n.find-and-replace .paths-container .btn-group,\n.project-find .paths-container .btn-group {\n  margin-left: 10px;\n}\n.find-and-replace .find-container .editor-container,\n.project-find .find-container .editor-container,\n.find-and-replace .replace-container .editor-container,\n.project-find .replace-container .editor-container,\n.find-and-replace .paths-container .editor-container,\n.project-find .paths-container .editor-container {\n  position: relative;\n  -webkit-flex: 1;\n}\n.find-and-replace .find-container .editor-container .editor,\n.project-find .find-container .editor-container .editor,\n.find-and-replace .replace-container .editor-container .editor,\n.project-find .replace-container .editor-container .editor,\n.find-and-replace .paths-container .editor-container .editor,\n.project-find .paths-container .editor-container .editor {\n  width: 100%;\n}\n.find-and-replace {\n  padding: 10px;\n  -webkit-user-select: none;\n}\n.find-and-replace .btn-group-replace.btn-group {\n  width: 200px;\n}\n.find-and-replace .btn-group-replace.btn-group .btn {\n  width: 50%;\n}\n.find-and-replace .btn-group-replace-all.btn-group {\n  width: 100px;\n}\n.find-and-replace .btn-group-replace-all.btn-group .btn {\n  width: 100%;\n}\n.find-and-replace .btn-group-find.btn-group {\n  width: 200px;\n}\n.find-and-replace .btn-group-find.btn-group .btn {\n  width: 50%;\n}\n.find-and-replace .btn-group-options.btn-group {\n  width: 100px;\n}\n.find-and-replace .btn-group-options.btn-group .btn {\n  font-size: 14px;\n  font-family: courier, monospace;\n  width: 33.33%;\n}\n.find-and-replace .btn-group-options.btn-group .btn.option-selection {\n  font-family: \"Times New Roman\";\n  font-size: 20px;\n  padding-top: 3px;\n}\n.find-and-replace .find-meta-container {\n  position: absolute;\n  top: 0.35em;\n  right: 0;\n  z-index: 2;\n  font-size: .9em;\n}\n.find-and-replace .find-meta-container .result-counter {\n  margin-right: 10px;\n}\n.project-find {\n  -webkit-user-select: none;\n}\n.project-find .loading,\n.project-find .preview-block,\n.project-find .error-messages,\n.project-find .filter-container {\n  display: none;\n}\n.project-find .btn-group.btn-group-options {\n  width: 90px;\n}\n.project-find .btn-group.btn-group-options .btn {\n  font-size: 14px;\n  font-family: courier, monospace;\n  width: 50%;\n}\n.project-find .btn-group.btn-group-replace-all {\n  width: 90px;\n}\n.project-find .btn-group.btn-group-replace-all .btn {\n  width: 100%;\n}\n.preview-pane {\n  position: relative;\n  display: -webkit-flex;\n  -webkit-flex-direction: column;\n}\n.preview-pane .panel-heading {\n  -webkit-flex-shrink: 0;\n}\n.preview-pane .no-results-overlay {\n  visibility: hidden;\n}\n.preview-pane.no-results .no-results-overlay {\n  visibility: visible;\n}\n.preview-pane .results-view {\n  overflow: auto;\n  position: relative;\n  padding: 0 10px;\n  -webkit-flex: 1;\n}\n.preview-pane .results-view .search-result {\n  padding-top: 2px;\n  padding-bottom: 2px;\n}\n.preview-pane .results-view .line-number {\n  margin-right: 1ex;\n  text-align: right;\n  display: inline-block;\n}\n.preview-pane .results-view .selected .line-number {\n  color: #ffffff;\n}\n.preview-pane .results-view .path-match-number {\n  padding-left: 10px;\n  color: #999999;\n}\n.preview-pane .results-view .preview {\n  word-break: break-all;\n  font-family: monospace;\n}\n","imports":[{"path":"node_modules/atom-light-ui/stylesheets/ui-variables.less","digest":"b09590cbe2f0416fc5f60a611945029ced0b695a"}],"version":1}