{"digest":"50d95ac731bc400ca561730588162320f801bbdf","css":".keybinding-resolver {\n  -webkit-flex: 0.25;\n  overflow: scroll;\n}\n.keybinding-resolver .keystroke {\n  margin-right: 1em;\n}\n.keybinding-resolver table .matched .command:before {\n  font-family: 'Octicons Regular';\n  font-weight: normal;\n  font-style: normal;\n  display: inline-block;\n  line-height: 1;\n  -webkit-font-smoothing: antialiased;\n  text-decoration: none;\n  font-size: 16px;\n  width: 16px;\n  height: 16px;\n  content: \"\\f03a\";\n}\n.keybinding-resolver table .unmatched .command:before {\n  font-family: 'Octicons Regular';\n  font-weight: normal;\n  font-style: normal;\n  display: inline-block;\n  line-height: 1;\n  -webkit-font-smoothing: antialiased;\n  text-decoration: none;\n  font-size: 16px;\n  width: 16px;\n  height: 16px;\n  content: \"\\f081\";\n}\n.keybinding-resolver table .command,\n.keybinding-resolver table .selector,\n.keybinding-resolver table .source {\n  min-width: 10em;\n}\n.keybinding-resolver table .source {\n  cursor: pointer;\n}\n","imports":[{"path":"node_modules/atom-dark-ui/stylesheets/ui-variables.less","digest":"9169f5824285022c54cae58ff9f3ce11d8d26f5d"},{"path":"static/variables/octicon-mixins.less","digest":"36132a09f2883b82baab8f1d2e4c9ec0e5071322"},{"path":"static/variables/octicon-utf-codes.less","digest":"1d61dba10e6dee0bccacc6eb1f41bc6c502dd2db"},{"path":"static/variables/octicon-utf-codes.less","digest":"1d61dba10e6dee0bccacc6eb1f41bc6c502dd2db"}],"version":1}