{"digest":"325fb5f2f020cf9d14caf1093418868bef1d4183","css":".workspace .horizontal .vertical {\n  position: relative;\n}\nul.background-tips {\n  -webkit-user-select: none;\n  cursor: default;\n}\nul.background-tips li {\n  padding: 0 30px;\n}\nul.background-tips li .keystroke {\n  border: 2px solid;\n  padding: 0 5px;\n  border-radius: 6px;\n  font-family: Helvetica, Arial, sans-serif;\n}\n","imports":[{"path":"node_modules/atom-light-ui/stylesheets/ui-variables.less","digest":"b09590cbe2f0416fc5f60a611945029ced0b695a"}],"version":1}