{"digest":"e64aed6bc9cfc25b3b8e4e86ffdf6e76ed7a34da","css":".feedback-status:before {\n  text-align: center;\n}\n.feedback a {\n  text-decoration: underline;\n}\n.feedback .initially-hidden {\n  display: none;\n}\n.feedback ::-webkit-input-placeholder {\n  color: #555555;\n}\n.feedback textarea,\n.feedback input[type=text] {\n  width: 100%;\n  background-color: #2d2f31;\n  border: 1px solid rgba(0, 0, 0, 0.5);\n  color: #aaaaaa;\n  padding: 3.3333333333333335px 5px;\n}\n.feedback textarea {\n  resize: vertical;\n}\n.feedback label {\n  margin-left: 10px;\n}\n.feedback .email {\n  color: #555555;\n}\n.feedback .sending-error {\n  margin-top: 10px;\n  color: #ff982d;\n}\n.feedback button {\n  width: 100%;\n}\n.support-info a {\n  text-decoration: underline;\n  color: #555555;\n}\n.support-info ul {\n  font-size: 15px;\n  padding-left: 1em;\n}\n.support-info li {\n  margin-bottom: 1em;\n}\n.support-info button {\n  width: 100%;\n}\n","imports":[{"path":"node_modules/atom-dark-ui/stylesheets/ui-variables.less","digest":"9169f5824285022c54cae58ff9f3ce11d8d26f5d"}],"version":1}