{"digest":"1e9354162440c02cf382afee54c4e75380d1ad35","css":".tab-bar {\n  display: -webkit-flex;\n  -webkit-user-select: none;\n  margin: 0;\n  /* Drag and Drop */\n}\n.tab-bar .tab {\n  font-size: 11px;\n  position: relative;\n  padding-left: 10px;\n  padding-right: 24px;\n  -webkit-user-drag: element;\n  -webkit-flex: 1;\n  max-width: 175px;\n  min-width: 40px;\n}\n.tab-bar .tab.active {\n  -webkit-flex: 2;\n}\n.tab-bar .tab .title {\n  overflow: hidden;\n  white-space: nowrap;\n  text-overflow: ellipsis;\n}\n.tab-bar .tab .close-icon {\n  position: absolute;\n  top: 1px;\n  right: 10px;\n  cursor: pointer;\n}\n.tab-bar .tab .close-icon:before {\n  font-family: 'Octicons Regular';\n  font-weight: normal;\n  font-style: normal;\n  display: inline-block;\n  line-height: 1;\n  -webkit-font-smoothing: antialiased;\n  text-decoration: none;\n  font-size: 12px;\n  width: 12px;\n  height: 12px;\n  content: \"\\f081\";\n}\n.tab-bar .tab.modified:hover .close-icon {\n  color: #0098ff;\n}\n.tab-bar .tab.modified:not(:hover) .close-icon {\n  top: 11px;\n  right: 11px;\n  width: 8px;\n  height: 8px;\n  border: 2px solid #0098ff;\n  border-radius: 12px;\n}\n.tab-bar .tab.modified:not(:hover) .close-icon:before {\n  content: \"\";\n}\n.tab-bar .placeholder {\n  position: absolute;\n  top: 0;\n  z-index: 999;\n  width: 2px;\n  margin: -1px;\n  padding: 0;\n  height: 30px;\n  display: inline-block;\n  background: #0098ff;\n  list-style: none;\n}\n.tab-bar .placeholder:after {\n  content: \"\";\n  position: absolute;\n  top: 30px;\n  margin: -1px;\n  z-index: 9999;\n  width: 4px;\n  height: 4px;\n  background: #0098ff;\n  border-radius: 4px;\n  border: 1px solid transparent;\n}\n","imports":[{"path":"node_modules/atom-dark-ui/stylesheets/ui-variables.less","digest":"9169f5824285022c54cae58ff9f3ce11d8d26f5d"},{"path":"static/variables/octicon-mixins.less","digest":"36132a09f2883b82baab8f1d2e4c9ec0e5071322"},{"path":"static/variables/octicon-utf-codes.less","digest":"1d61dba10e6dee0bccacc6eb1f41bc6c502dd2db"},{"path":"static/variables/octicon-utf-codes.less","digest":"1d61dba10e6dee0bccacc6eb1f41bc6c502dd2db"}],"version":1}