{"digest":"0dafdb7a09e962d4f5aed70f3d91c77f2fe9e97f","css":".editor .gutter .line-number.git-line-modified {\n  border-left: 2px solid #e9c062;\n  padding-left: calc(0.5em - 2px);\n}\n.editor .gutter .line-number.git-line-added {\n  border-left: 2px solid #a8ff60;\n  padding-left: calc(0.5em - 2px);\n}\n.editor .gutter .line-number.git-line-removed {\n  border-left: 2px solid #cc6666;\n  padding-left: calc(0.5em - 2px);\n}\n","imports":[{"path":"node_modules/atom-dark-syntax/stylesheets/syntax-variables.less","digest":"2671fc4381f80561a1ee41353542ad5fcb7c1b4c"}],"version":1}