{"digest":"e2343152727d9cef91b819156348828684cdf5cc","css":".editor .lines .markup.git-commit.changed {\n  color: #b58900;\n}\n.editor .lines .markup.git-commit.deleted {\n  color: #dc322f;\n}\n.editor .lines .markup.git-commit.inserted {\n  color: #859900;\n}\n","imports":[{"path":"node_modules/solarized-dark-syntax/stylesheets/syntax-variables.less","digest":"244a0fe85bd45d9ea5355a3ddb4a89188c84f6ec"},{"path":"node_modules/solarized-dark-syntax/stylesheets/variables.less","digest":"6f9602537fca5c02f9a246a2ef657929134d28d4"}],"version":1}