{"digest":"0dafdb7a09e962d4f5aed70f3d91c77f2fe9e97f","css":".editor .gutter .line-number.git-line-modified {\n  border-left: 2px solid #ff982d;\n  padding-left: calc(0.5em - 2px);\n}\n.editor .gutter .line-number.git-line-added {\n  border-left: 2px solid #718c00;\n  padding-left: calc(0.5em - 2px);\n}\n.editor .gutter .line-number.git-line-removed {\n  border-left: 2px solid #dd1144;\n  padding-left: calc(0.5em - 2px);\n}\n","imports":[{"path":"node_modules/atom-light-syntax/stylesheets/syntax-variables.less","digest":"638ba46c81c390151e6bcfc0cd189f5825217bdf"}],"version":1}