{"digest":"0dafdb7a09e962d4f5aed70f3d91c77f2fe9e97f","css":".editor .gutter .line-number.git-line-modified {\n  border-left: 2px solid #de935f;\n  padding-left: calc(0.5em - 2px);\n}\n.editor .gutter .line-number.git-line-added {\n  border-left: 2px solid #b5bd68;\n  padding-left: calc(0.5em - 2px);\n}\n.editor .gutter .line-number.git-line-removed {\n  border-left: 2px solid #cc6666;\n  padding-left: calc(0.5em - 2px);\n}\n","imports":[{"path":"node_modules/base16-tomorrow-dark-theme/stylesheets/syntax-variables.less","digest":"7da84a3b6ff300441ffd3cc76f496b156728b4ca"},{"path":"node_modules/base16-tomorrow-dark-theme/stylesheets/colors.less","digest":"8ea2d23cd9c90cb10febfb3e4bc48855bd2cf3d7"}],"version":1}