{"digest":"5b13aab0bcaf729cb6bd4db99ba7e5d738303109","css":".editor {\n  overflow: hidden;\n  cursor: text;\n  display: -webkit-flex;\n  -webkit-user-select: none;\n  position: relative;\n  z-index: 0;\n  font-family: Inconsolata, Monaco, Consolas, 'Courier New', Courier;\n  line-height: 1.3;\n}\n.editor .gutter .line-number.cursor-line {\n  opacity: 1;\n}\n.editor .gutter {\n  overflow: hidden;\n  text-align: right;\n  cursor: default;\n  min-width: 1em;\n  box-sizing: border-box;\n}\n.editor .gutter .line-number {\n  padding-left: .5em;\n  opacity: 0.6;\n  position: relative;\n}\n.editor .gutter .line-numbers {\n  position: relative;\n}\n.editor .gutter .line-number.folded.cursor-line {\n  opacity: 1;\n}\n.editor .gutter .line-number .icon-right {\n  display: inline-block;\n  visibility: hidden;\n  padding-left: .1em;\n  padding-right: .5em;\n  opacity: .7;\n}\n.editor .gutter .line-number .icon-right:before {\n  font-family: 'Octicons Regular';\n  font-weight: normal;\n  font-style: normal;\n  display: inline-block;\n  line-height: 1;\n  -webkit-font-smoothing: antialiased;\n  text-decoration: none;\n  font-size: 0.8em;\n  width: 0.8em;\n  height: 0.8em;\n  content: \"\\f0a3\";\n}\n.editor .gutter:hover .line-number.foldable .icon-right {\n  visibility: visible;\n}\n.editor .gutter:hover .line-number.foldable .icon-right:before {\n  content: \"\\f0a3\";\n}\n.editor .gutter:hover .line-number.foldable .icon-right:hover {\n  opacity: 1;\n}\n.editor .gutter .line-number.folded .icon-right,\n.editor .gutter:hover .line-number.folded .icon-right {\n  visibility: visible;\n}\n.editor .gutter .line-number.folded .icon-right:before,\n.editor .gutter:hover .line-number.folded .icon-right:before {\n  font-family: 'Octicons Regular';\n  font-weight: normal;\n  font-style: normal;\n  display: inline-block;\n  line-height: 1;\n  -webkit-font-smoothing: antialiased;\n  text-decoration: none;\n  font-size: 0.8em;\n  width: 0.8em;\n  height: 0.8em;\n  content: \"\\f078\";\n}\n.editor .gutter .line-number.folded .icon-right:before,\n.editor .gutter:hover .line-number.folded .icon-right:before {\n  position: relative;\n  left: -0.1em;\n  content: \"\\f078\";\n}\n.editor .fold-marker:after {\n  font-family: 'Octicons Regular';\n  font-weight: normal;\n  font-style: normal;\n  display: inline;\n  line-height: 1;\n  -webkit-font-smoothing: antialiased;\n  text-decoration: none;\n  font-size: 0.8em;\n  width: 0.8em;\n  height: 0.8em;\n  content: \"\\f09a\";\n  padding-left: 0.2em;\n}\n.editor .line.cursor-line .fold-marker:after {\n  opacity: 1;\n}\n.editor.is-blurred .line.cursor-line {\n  background: rgba(0, 0, 0, 0);\n}\n.editor .invisible-character {\n  font-weight: normal !important;\n  font-style: normal !important;\n}\n.editor .indent-guide {\n  display: inline-block;\n  box-shadow: inset 1px 0;\n}\n.editor .vertical-scrollbar {\n  position: absolute;\n  top: 0;\n  right: 0;\n  bottom: 0;\n  width: 15px;\n  overflow-y: auto;\n  z-index: 3;\n}\n.editor .scroll-view {\n  overflow-x: auto;\n  overflow-y: hidden;\n  -webkit-flex: 1;\n  min-width: 0;\n  position: relative;\n}\n.editor.soft-wrap .scroll-view {\n  overflow-x: hidden;\n}\n.editor .underlayer {\n  z-index: 0;\n  position: absolute;\n  min-height: 100%;\n}\n.editor .lines {\n  position: relative;\n  z-index: 1;\n}\n.editor .overlayer {\n  z-index: 2;\n  position: absolute;\n}\n.editor .line {\n  white-space: pre;\n}\n.editor .line span {\n  vertical-align: top;\n}\n.editor .cursor {\n  position: absolute;\n  border-left: 1px solid;\n}\n.editor .cursor,\n.editor.is-focused .cursor.blink-off {\n  visibility: hidden;\n}\n.editor.is-focused .cursor {\n  visibility: visible;\n}\n.editor .hidden-input {\n  padding: 0;\n  border: 0;\n  position: absolute;\n  z-index: -1;\n  top: 0;\n  left: 0;\n  opacity: 0;\n  width: 1px;\n}\n.editor .selection .region {\n  position: absolute;\n  pointer-events: none;\n  z-index: -1;\n}\n.editor.mini {\n  height: auto;\n  line-height: 25px;\n}\n.editor.mini .cursor {\n  width: 2px;\n  line-height: 20px;\n  margin-top: 2px;\n}\n.editor.mini .gutter {\n  display: none;\n}\n.editor.mini .scroll-view {\n  overflow: hidden;\n}\n.editor.mini .placeholder-text {\n  color: #555555;\n}\n","imports":[{"path":"node_modules/atom-dark-ui/stylesheets/ui-variables.less","digest":"9169f5824285022c54cae58ff9f3ce11d8d26f5d"},{"path":"static/variables/octicon-utf-codes.less","digest":"1d61dba10e6dee0bccacc6eb1f41bc6c502dd2db"},{"path":"static/variables/octicon-mixins.less","digest":"36132a09f2883b82baab8f1d2e4c9ec0e5071322"},{"path":"static/variables/octicon-utf-codes.less","digest":"1d61dba10e6dee0bccacc6eb1f41bc6c502dd2db"},{"path":"static/variables/octicon-utf-codes.less","digest":"1d61dba10e6dee0bccacc6eb1f41bc6c502dd2db"}],"version":1}