{"digest":"8a0bdefe9c7a7ffa13ca81aefa3e55dd323280d0","css":".panel {\n  border-radius: 0;\n  border: none;\n  background-color: transparent;\n  box-shadow: none;\n}\n.panel.bordered .panel-heading {\n  border-radius: 2px 2px 0 0;\n}\n.inset-panel .panel-heading {\n  border-radius: 2px 2px 0 0;\n}\n.panel-heading {\n  margin: 0;\n  border-radius: 0;\n  font-size: 13px;\n  line-height: 1;\n}\n.panel-heading .btn {\n  height: 20px;\n  line-height: 20px;\n  font-size: 11px;\n  position: relative;\n  top: -5px;\n}\n","imports":[{"path":"node_modules/atom-dark-ui/stylesheets/ui-variables.less","digest":"9169f5824285022c54cae58ff9f3ce11d8d26f5d"}],"version":1}