{"digest":"e2343152727d9cef91b819156348828684cdf5cc","css":".editor .lines .markup.git-commit.changed {\n  color: #de935f;\n}\n.editor .lines .markup.git-commit.deleted {\n  color: #cc6666;\n}\n.editor .lines .markup.git-commit.inserted {\n  color: #b5bd68;\n}\n","imports":[{"path":"node_modules/base16-tomorrow-dark-theme/stylesheets/syntax-variables.less","digest":"7da84a3b6ff300441ffd3cc76f496b156728b4ca"},{"path":"node_modules/base16-tomorrow-dark-theme/stylesheets/colors.less","digest":"8ea2d23cd9c90cb10febfb3e4bc48855bd2cf3d7"}],"version":1}