{"digest":"3571c257ccc822feb3a088b179e20ae3b1f3952d","css":"@font-face {\n  font-family: 'Octicons Regular';\n  src: url(\"octicons.woff\") format(\"woff\");\n  font-weight: normal;\n  font-style: normal;\n}\nhtml,\nbody {\n  width: 100%;\n  height: 100%;\n  overflow: hidden;\n  font-family: 'Lucida Grande', 'Segoe UI', sans-serif;\n  font-size: 13px;\n}\nh1,\nh2,\nh3,\nh4,\nh5,\nh6 {\n  font-family: 'Lucida Grande', 'Segoe UI', sans-serif;\n}\n.workspace {\n  height: 100%;\n  overflow: hidden;\n  position: relative;\n  background-color: #333333;\n  font-family: 'Lucida Grande', 'Segoe UI', sans-serif;\n}\n.workspace .horizontal {\n  display: -webkit-flex;\n  height: 100%;\n}\n.workspace .vertical {\n  display: -webkit-flex;\n  -webkit-flex: 1;\n  -webkit-flex-flow: column;\n}\n","imports":[{"path":"node_modules/atom-dark-ui/stylesheets/ui-variables.less","digest":"9169f5824285022c54cae58ff9f3ce11d8d26f5d"},{"path":"static/variables/octicon-mixins.less","digest":"36132a09f2883b82baab8f1d2e4c9ec0e5071322"},{"path":"static/variables/octicon-utf-codes.less","digest":"1d61dba10e6dee0bccacc6eb1f41bc6c502dd2db"},{"path":"static/variables/octicon-utf-codes.less","digest":"1d61dba10e6dee0bccacc6eb1f41bc6c502dd2db"}],"version":1}