{"digest":"8a5575e2ce16a2223a471ce3d901e9e9aa278e0d","css":".editor,\n.editor .gutter {\n  background-color: #ffffff;\n  color: #555555;\n}\n.editor .invisible-character {\n  color: rgba(85, 85, 85, 0.2);\n}\n.editor .indent-guide {\n  color: rgba(85, 85, 85, 0.2);\n}\n.editor .wrap-guide {\n  background-color: rgba(85, 85, 85, 0.2);\n}\n.editor .gutter {\n  color: #555555;\n  background: #ffffff;\n}\n.editor .gutter .line-number.folded,\n.editor .gutter .line-number:after,\n.editor .fold-marker:after {\n  color: #e87b00;\n}\n.editor .invisible {\n  color: #555;\n}\n.editor .selection .region {\n  background-color: #e1e1e1;\n}\n.editor.is-focused .cursor {\n  border-color: #000000;\n}\n.editor.is-focused .selection .region {\n  background-color: #afc4da;\n}\n.editor.is-focused .line-number.cursor-line-no-selection,\n.editor.is-focused .line.cursor-line {\n  background-color: rgba(255, 255, 134, 0.34);\n}\n.editor .comment {\n  color: #999988;\n  font-style: italic;\n}\n.editor .string {\n  color: #D14;\n}\n.editor .source .string .source,\n.editor .source .string .meta.embedded.line {\n  color: #5A5A5A;\n}\n.editor .source .string .punctuation.section.embedded {\n  color: #920B2D;\n}\n.editor .source .string .punctuation.section.embedded .source {\n  color: #920B2D;\n}\n.editor .constant.numeric {\n  color: #D14;\n}\n.editor .constant.language {\n  color: #606aa1;\n}\n.editor .constant.character,\n.editor .constant.other {\n  color: #606aa1;\n}\n.editor .constant.symbol {\n  color: #990073;\n}\n.editor .constant.numeric.line-number.find-in-files .match {\n  color: rgba(143, 190, 0, 0.63);\n}\n.editor .variable {\n  color: #008080;\n}\n.editor .variable.parameter {\n  color: #606aa1;\n}\n.editor .keyword {\n  color: #222;\n  font-weight: bold;\n}\n.editor .keyword.unit {\n  color: #445588;\n}\n.editor .keyword.special-method {\n  color: #0086B3;\n}\n.editor .storage {\n  color: #222;\n}\n.editor .storage.type {\n  color: #222;\n}\n.editor .entity.name.class {\n  text-decoration: underline;\n  color: #606aa1;\n}\n.editor .entity.other.inherited-class {\n  text-decoration: underline;\n  color: #606aa1;\n}\n.editor .entity.name.function {\n  color: #900;\n}\n.editor .entity.name.tag {\n  color: #008080;\n}\n.editor .entity.other.attribute-name {\n  color: #458;\n  font-weight: bold;\n}\n.editor .entity.name.filename.find-in-files {\n  color: #E6DB74;\n}\n.editor .support.constant,\n.editor .support.function,\n.editor .support.type {\n  color: #458;\n}\n.editor .support.class {\n  color: #008080;\n}\n.editor .invalid {\n  color: #F8F8F0;\n  background-color: #00A8C6;\n}\n.editor .invalid.deprecated {\n  color: #F8F8F0;\n  background-color: #8FBE00;\n}\n.editor .meta.structure.dictionary.json > .string.quoted.double.json,\n.editor .meta.structure.dictionary.json > .string.quoted.double.json .punctuation.string {\n  color: #000080;\n}\n.editor .meta.structure.dictionary.value.json > .string.quoted.double.json {\n  color: #d14;\n}\n.editor .meta.diff,\n.editor .meta.diff.header {\n  color: #75715E;\n}\n.editor .meta.function span {\n  color: #990000;\n  font-weight: bold;\n}\n.editor .css.support.property-name {\n  font-weight: bold;\n  color: #333;\n}\n.editor .css.constant {\n  color: #099;\n}\n.editor .source.gfm {\n  color: #444;\n}\n.editor .gfm .markup.heading {\n  color: #111;\n}\n.editor .gfm .link {\n  color: #888;\n}\n.editor .gfm .variable.list {\n  color: #888;\n}\n.editor .markdown .paragraph {\n  color: #444;\n}\n.editor .markdown .heading {\n  color: #111;\n}\n.editor .markdown .link {\n  color: #888;\n}\n.editor .markdown .link .string {\n  color: #888;\n}\n.editor .search-results .marker .region {\n  background-color: transparent;\n  border: 1px solid #999999;\n}\n.editor .search-results .marker.current-result .region {\n  border: 1px solid #000000;\n}\n.bracket-matcher {\n  background-color: #C9C9C9;\n  opacity: .7;\n  border-bottom: 0 none;\n}\n","imports":[{"path":"node_modules/atom-light-syntax/stylesheets/syntax-variables.less","digest":"638ba46c81c390151e6bcfc0cd189f5825217bdf"}],"version":1}